data	cases
20200124	1
20200126	1
20200130	4
20200131	3
20200201	1
20200202	3
20200203	1
20200204	1
20200205	7
20200206	2
20200207	7
20200208	5
20200209	5
20200210	17
20200211	25
20200212	7
20200213	13
20200214	9
20200215	9
20200216	4
20200217	37
20200218	34
20200219	65
20200220	118
20200221	222
20200222	232
20200223	357
20200224	619
20200225	353
20200226	461
20200227	527
20200228	487
20200229	382
20200301	307
20200302	543
20200303	403
20200304	679
20200305	403
20200306	756
20200307	263
20200308	542
20200309	786
20200310	633
20200311	337
20200312	494
20200313	300
20200314	296
20200315	98
20200316	481
20200317	256
20200318	249
20200319	287
20200320	241
20200321	186
20200322	115
20200323	172
20200324	201
20200325	155
20200326	151
20200327	220
20200328	161
20200329	98
20200330	174
20200331	138
20200401	128
20200402	161
20200403	149
20200404	95
20200405	49
20200406	115
20200407	119
20200408	97
20200409	123
20200410	89
20200411	63
20200412	29
20200413	87
20200414	106
20200415	45
20200416	81
20200417	77
20200418	28
20200419	17
20200420	67
20200421	40
20200422	29
20200423	48
20200424	67
20200425	18
20200426	11
20200427	57
20200428	56
20200429	56
20200430	12
20200501	28
20200502	38
20200503	9
20200504	81
20200505	6
20200506	113
20200507	74
20200508	75
20200509	48
20200510	33
20200511	102
20200512	81
20200513	118
20200514	124
20200515	68
20200516	55
20200517	22
20200518	59
20200519	63
20200520	63
20200521	89
20200522	98
20200523	53
20200524	29
20200525	110
20200526	108
20200527	181
20200528	185
20200529	143
20200530	54
20200531	38
20200601	165
20200602	124
20200603	135
20200604	133
20200605	142
20200606	64
20200607	40
20200608	136
20200609	144
20200610	150
20200611	119
20200612	110
20200613	62
20200614	27
20200615	119
20200616	114
20200617	136
20200618	114
20200619	108
20200620	74
20200621	25
20200622	99
20200623	121
20200624	77
20200625	105
20200626	118
20200627	82
20200628	40
20200629	143
20200630	111
20200701	96
20200702	155
20200703	153
20200704	107
20200705	34
20200706	127
20200707	118
20200708	113
20200709	109
20200710	59
20200711	54
20200712	44
20200713	110
20200714	68
20200715	102
20200716	90
20200717	75
20200718	44
20200719	18
20200720	96
20200721	87
20200722	97
20200723	74
20200724	76
20200725	106
20200726	21
20200727	84
20200728	64
20200729	54
20200730	80
20200731	53
20200801	44
20200802	21
20200803	67
20200804	66
20200805	68
20200806	51
20200807	66
20200808	56
20200809	23
20200810	59
20200811	80
20200812	84
20200813	98
20200814	216
20200815	273
20200816	201
20200817	269
20200818	283
20200819	359
20200820	394
20200821	389
20200822	322
20200823	220
20200824	286
20200825	379
20200826	356
20200827	445
20200828	475
20200829	342
20200830	301
20200831	382
20200901	407
20200902	323
20200903	247
20200904	235
20200905	178
20200906	133
20200907	199
20200908	179
20200909	200
20200910	212
20200911	192
20200912	122
20200913	108
20200914	195
20200915	171
20200916	175
20200917	194
20200918	168
20200919	89
20200920	70
20200921	139
20200922	151
20200923	167
20200924	167
20200925	163
20200926	122
20200927	47
20200928	77
20200929	114
20200930	118
20201001	91
20201002	82
20201003	77
20201004	83
20201005	145
20201006	153
20201007	132
20201008	111
20201009	62
20201010	102
20201011	64
20201012	139
20201013	134
20201014	138
20201015	70
20201016	80
20201017	102
20201018	73
20201019	103
20201020	103
20201021	146
20201022	118
20201023	141
20201024	85
20201025	87
20201026	165
20201027	141
20201028	141
20201029	143
20201030	137
20201031	144
20201101	84
20201102	138
20201103	148
20201104	154
20201105	187
20201106	137
20201107	149
20201108	122
20201109	164
20201110	168
20201111	176
20201112	187
20201113	227
20201114	215
20201115	195
20201116	288
20201117	295
20201118	356
20201119	381
20201120	361
20201121	345
20201122	246
20201123	333
20201124	412
20201125	521
20201126	538
20201127	536
20201128	484
20201129	433
20201130	493
20201201	624
20201202	468
20201203	484
20201204	554
20201205	541
20201206	475
20201207	575
20201208	695
20201209	748
20201210	700
20201211	866
20201212	847
20201213	689
20201214	849
20201215	1075
20201216	1009
20201217	1035
20201218	1159
20201219	1007
20201220	817
20201221	1105
20201222	999
20201223	866
20201224	1143
20201225	905
20201226	927
20201227	780
20201228	888
20201229	883
20201230	872
20201231	1020
20210101	893
20210102	774
20210103	633
20210104	815
20210105	788
20210106	752
20210107	827
20210108	761
20210109	632
20210110	448
20210111	538
20210112	423
20210113	519
20210114	476
20210115	612
20210116	539
20210117	406
20210118	402
20210119	435
20210120	394
20210121	377
20210122	425
20210123	387
20210124	296
20210125	446
20210126	376
20210127	523
20210128	503
20210129	470
20210130	427
20210131	290
20210201	334
20210202	394
20210203	554
20210204	416
20210205	494
20210206	444
20210207	297
20210208	268
20210209	378
20210210	494
20210211	463
20210212	435
20210213	383
20210214	306
20210215	472
20210216	565
20210217	563
20210218	588
20210219	505
20210220	441
20210221	328
20210222	372
20210223	424
20210224	444
20210225	414
20210226	375
20210227	377
20210228	289
20210301	342
20210302	399
20210303	385
20210304	427
20210305	470
20210306	413
20210307	324
20210308	412
20210309	482
20210310	457
20210311	489
20210312	545
20210313	391
20210314	361
20210315	423
20210316	465
20210317	479
20210318	435
20210319	460
20210320	458
20210321	408
20210322	411
20210323	351
20210324	437
20210325	490
20210326	584
20210327	502
20210328	359
20210329	482
20210330	534
20210331	620
20210401	607
20210402	582
20210403	518
20210404	433
20210405	525
20210406	583
20210407	645
20210408	673
20210409	729
20210410	621
20210411	529
20210412	638
20210413	700
20210414	721
20210415	694
20210416	729
20210417	623
20210418	550
20210419	585
20210420	669
20210421	744
20210422	780
20210423	841
20210424	677
20210425	563
20210426	532
20210427	702
20210428	723
20210429	668
20210430	654
20210501	632
20210502	491
20210503	488
20210504	572
20210505	516
20210506	546
20210507	582
20210508	647
20210509	427
20210510	560
20210511	552
20210512	772
20210513	729
20210514	685
20210515	595
20210516	550
20210517	546
20210518	670
20210519	525
20210520	542
20210521	602
20210522	574
20210523	454
20210524	502
20210525	636
20210526	652
20210527	590
20210528	506
20210529	460
20210530	420
20210531	477
20210601	620
20210602	669
20210603	643
20210604	718
20210605	686
20210606	433
20210607	447
20210608	515
20210609	623
20210610	561
20210611	528
20210612	485
20210613	353
20210614	403
20210615	448
20210616	511
20210617	529
20210618	508
20210619	448
20210620	353
20210621	330
20210622	519
20210623	613
20210624	609
20210625	658
20210626	564
20210627	485
20210628	587
20210629	661
20210630	718
20210701	722
20210702	757
20210703	673
20210704	609
20210705	683
20210706	857
20210707	936
20210708	1088
20210709	1127
20210710	1209
20210711	869
20210712	1325
20210713	1443
20210714	1480
20210715	1405
20210716	1504
20210717	1264
20210718	1132
20210719	1337
20210720	1683
20210721	1608
20210722	1543
20210723	1390
20210724	1545
20210725	1134
20210726	1346
20210727	1433
20210728	1627
20210729	1547
20210730	1543
20210731	1301
20210801	1130
20210802	1275
20210803	1355
20210804	1625
20210805	1580
20210806	1501
20210807	1515
20210808	1404
20210809	1568
20210810	1438
20210811	1798
20210812	1849
20210813	1727
20210814	1566
20210815	1494
20210816	1337
20210817	1458
20210818	1848
20210819	1821
20210820	1693
20210821	1544
20210822	1332
20210823	1454
20210824	1564
20210825	1676
20210826	1637
20210827	1649
20210828	1557
20210829	1354
20210830	1276
20210831	1495
20210901	1590
20210902	1598
20210903	1588
20210904	1491
20210905	1301
20210906	1371
20210907	1533
20210908	1647
20210909	1651
20210910	1673
20210911	1513
20210912	1313
20210913	1366
20210914	1411
20210915	1572
20210916	1513
20210917	1599
20210918	1645
20210919	1588
20210920	1500
20210921	1398
20210922	1470
20210923	1660
20210924	1835
20210925	1915
20210926	1737
20210927	1842
20210928	1732
20210929	1815
20210930	1646
20211001	1605
20211002	1488
20211003	1392
20211004	1658
20211005	1724
20211006	1866
20211007	1832
20211008	1816
20211009	1433
20211010	1092
20211011	1155
20211012	1275
20211013	1392
20211014	1471
20211015	1446
20211016	1196
20211017	988
20211018	1187
20211019	1149
20211020	1234
20211021	1282
20211022	1296
20211023	1218
20211024	1101
20211025	1235
20211026	1384
20211027	1779
20211028	1909
20211029	1875
20211030	1741
20211031	1615
20211101	1705
20211102	1704
20211103	2101
20211104	2121
20211105	2052
20211106	1832
20211107	1634
20211108	1711
20211109	1861
20211110	2108
20211111	2189
20211112	2197
20211113	1907
20211114	1951
20211115	1952
20211116	2136
20211117	2623
20211118	2650
20211119	2615
20211120	2428
20211121	2484
20211122	2550
20211123	2802
20211124	3208
20211125	3311
20211126	3268
20211127	3428
20211128	3098
20211129	3213
20211130	3550
20211201	5015
20211202	4432
20211203	4460
20211204	4595
20211205	4272
20211206	4392
20211207	5069
20211208	5742
20211209	6123
20211210	5690
20211211	5723
20211212	5368
20211213	5620
20211214	5969
20211215	6643
20211216	7041
20211217	6719
20211218	5948
20211219	5164
20211220	5445
20211221	6013
20211222	6268
20211223	6252
20211224	5676
20211225	4984
20211226	4338
20211227	4038
20211228	4480
20211229	4726
20211230	4708
20211231	4266
20220101	3895
20220102	3172
20220103	3072
20220104	3603
20220105	3843
20220106	3625
20220107	3179
20220108	2894
20220109	2579
20220110	2977
20220111	3196
20220112	3630
20220113	3487
20220114	3637
20220115	3506
20220116	3164
20220117	3659
20220118	4785
20220119	5578
20220120	5994
20220121	6191
20220122	6371
20220123	6429
20220124	7821
20220125	9641
20220126	12665
20220127	14139
20220128	15024
20220129	15553
20220130	14879
20220131	16461
20220201	18892
20220202	19523
20220203	24221
20220204	28075
20220205	29396
20220206	28981
20220207	32595
20220208	34337
20220209	36890
20220210	23516
20220211	22769
20220212	19620
20220213	12978
20220214	32587
20220215	35470
20220216	44032
20220217	48706
20220218	54004
20220219	46407
20220220	25951
20220221	78020
20220222	75689
20220223	84316
20220224	89375
20220225	94462
20220226	78761
20220227	42388
20220228	130003
20220301	70929
20220302	159803
20220303	145931
20220304	152895
20220305	124893
20220306	62923
20220307	207841
20220308	193238
20220309	119036
20220310	244206
20220311	232560
20220312	191443
20220313	89493
20220314	515372
20220315	385838
20220316	338581
20220317	314289
20220318	296865
20220319	229865
20220320	95430
20220321	443306
20220322	326883
20220323	306066
20220324	290753
20220325	283320
20220326	225484
20220327	94972
20220328	422066
20220329	279932
20220330	252746
20220331	236323
20220401	230805
20220402	172351
20220403	73971
20220404	306865
20220405	211528
20220406	190416
20220407	173993
20220408	160838
20220409	125309
20220410	52810
20220411	235424
20220412	147246
20220413	125955
20220414	108705
20220415	94044
20220416	69772
20220417	31966
20220418	133633
20220419	84938
20220420	78380
20220421	70971
20220422	65458
20220423	49965
20220424	22828
20220425	91169
20220426	56541
20220427	48607
20220428	42860
20220429	37488
20220430	29164
20220501	13712
20220502	57139
20220503	38987
20220504	37530
20220505	13876
20220506	45475
20220507	28533
20220508	13696
20220509	54104
20220510	32929
20220511	30978
20220512	27254
20220513	25431
20220514	19842
20220515	8623
20220516	37362
20220517	24870
20220518	23496
20220519	21396
20220520	19961
20220521	14454
20220522	6653
20220523	28421
20220524	17501
20220525	15415
20220526	13332
20220527	12198
20220528	9068
20220529	4071
20220530	17852
20220531	11705
20220601	6103
20220602	12712
20220603	9263
20220604	7505
20220605	3042
20220606	4996
20220607	13565
20220608	8601
20220609	7781
20220610	7064
20220611	5602
20220612	2303
20220613	10606
20220614	6983
20220615	6589
20220616	6045
20220617	6018
20220618	4846
20220619	2054
20220620	10111
20220621	6931
20220622	6591
20220623	6122
20220624	6169
20220625	5041
20220626	2311
20220627	11045
20220628	8402
20220629	8512
20220630	8770
20220701	9972
20220702	8145
20220703	4512
20220704	20118
20220705	16138
20220706	16308
20220707	17388
20220708	19096
20220709	16477
20220710	9336
20220711	41294
20220712	33126
20220713	32336
20220714	35043
20220715	37339
20220716	32009
20220717	17142
20220718	78804
20220719	59632
20220720	58979
20220721	58951
20220722	60114
20220723	50506
20220724	23906
20220725	105702
20220726	78033
20220727	73811
20220728	70357
20220729	70690
20220730	57722
20220731	26468
20220801	122510
20220802	95326
20220803	95780
20220804	94100
20220805	97117
20220806	79835
20220807	37432
20220808	165537
20220809	120716
20220810	116001
20220811	110817
20220812	108756
20220813	88143
20220814	42651
20220815	68965
20220816	198154
20220817	130104
20220818	115426
20220819	108590
20220820	84989
20220821	37760
20220822	160978
20220823	106214
20220824	94726
20220825	87113
20220826	85576
20220827	64863
20220828	28735
20220829	125296
20220830	80268
20220831	75318
20220901	72863
20220902	71764
20220903	55390
20220904	25829
20220905	105287
20220906	68292
20220907	62410
20220908	63980
20220909	25665
20220910	18233
20220911	25969
20220912	50479
20220913	92394
20220914	53298
20220915	43325
20220916	37852
20220917	27357
20220918	12614
20220919	50421
20220920	31918
20220921	28104
20220922	26059
20220923	25912
20220924	20200
20220925	9546
20220926	42742
20220927	28436
20220928	26087
20220929	24835
20220930	24210
20221001	18980
20221002	8589
20221003	13645
20221004	36676
20221005	21703
20221006	18949
20221007	17877
20221008	14234
20221009	6501
20221010	14457
20221011	31436
20221012	21804
20221013	20592
20221014	20950
20221015	17051
20221016	8009
20221017	35832
20221018	23429
20221019	22346
20221020	22927
20221021	24646
20221022	21146
20221023	10258
20221024	47570
20221025	31958
20221026	31029
20221027	32512
20221028	33963
20221029	27338
20221030	13422
20221031	62957
20221101	44975
20221102	40656
20221103	38058
20221104	36230
20221105	29223
20221106	13823
20221107	68388
20221108	50295
20221109	48358
20221110	48412
20221111	48007
20221112	38027
20221113	16788
20221114	78986
20221115	51348
20221116	46973
20221117	44961
20221118	45062
20221119	36437
20221120	16552
20221121	79480
20221122	54818
20221123	51156
20221124	47684
20221125	46640
20221126	36128
20221127	15952
20221128	77898
20221129	52692
20221130	48342
20221201	49641
20221202	47233
20221203	36692
20221204	17806
20221205	85127
20221206	58646
20221207	57429
20221208	55297
20221209	55836
20221210	42717
20221211	18580
20221212	96265
20221213	66276
20221214	60136
20221215	60100
20221216	59997
20221217	45635
20221218	19185
20221219	98981
20221220	70105
20221221	64807
20221222	60617
20221223	57812
20221224	46763
20221225	17424
20221226	100676
20221227	67137
20221228	61766
20221229	57367
20221230	56670
20221231	44083
20230101	17616
20230102	91952
20230103	60460
20230104	55129
20230105	49641
20230106	46993
20230107	35244
20230108	13525
20230109	66745
20230110	40996
20230111	37881
20230112	34370
20230113	32318
20230114	25017
20230115	9707
20230116	44525
20230117	28017
20230118	25808
20230119	24379
20230120	25544
20230121	10487
20230122	6153
20230123	11072
20230124	16740
20230125	37202
20230126	24061
20230127	20301
20230128	14142
20230129	5234
20230130	24076
20230131	15708
20230201	14968
20230202	13519
20230203	13324
20230204	10154
20230205	4203
20230206	20321
20230207	14003
20230208	12774
20230209	11893
20230210	11734
20230211	9245
20230212	3503
20230213	17937
20230214	11791
20230215	11175
20230216	10361
20230217	9983
20230218	7846
20230219	3091
20230220	15162
20230221	10440
20230222	9749
20230223	9587
20230224	9151
20230225	7200
20230226	2891
20230227	14199
20230228	10187
20230301	4449
20230302	12951
20230303	9608
20230304	7463
20230305	3136
20230306	15437
20230307	10385
20230308	9809
20230309	9639
20230310	9413
20230311	7263
20230312	2985
20230313	14277
20230314	9880
20230315	9088
20230316	8662
20230317	9077
20230318	6797
20230319	3053
20230320	15703
20230321	10815
20230322	10202
20230323	10054
20230324	9835
20230325	7354
20230326	3060
20230327	15837
20230328	10902
20230329	10241
20230330	10217
20230331	10148
20230401	8363
20230402	3299
20230403	17727
20230404	11892
20230405	10607
20230406	10392
20230407	10094
20230408	7383
20230409	2917
20230410	16359
20230411	11436
20230412	11055
20230413	11230
20230414	11013
20230415	8340
20230416	3686
20230417	19407
20230418	13125
20230419	12829
20230420	12986
20230421	12546
20230422	9126
20230423	3487
20230424	19148
20230425	13138
20230426	12904
20230427	13170
20230428	13848
20230429	10119
20230430	4169
20230501	19882
20230502	19714
20230503	16610
20230504	16892
20230505	5998
20230506	15543
20230507	5328
20230508	27087
20230509	18604
20230510	18395
20230511	17955
20230512	17659
20230513	12699
20230514	5296
20230515	29762
20230516	20250
20230517	18571
20230518	17616
20230519	16521
20230520	12322
20230521	5051
20230522	26705
20230523	17941
20230524	16582
20230525	16615
20230526	16443
20230527	6721
20230528	5362
20230529	16364
20230530	24999
20230531	18989
20230601	17807
20230602	16811
20230603	12189
20230604	4942
20230605	24904
20230606	6423
20230607	24749
20230608	16792
20230609	15724
20230610	11577
20230611	4612
20230612	24362
20230613	16132
20230614	15186
20230615	15351
20230616	15358
20230617	11101
20230618	4760
20230619	24630
20230620	16191
20230621	14774
20230622	15063
20230623	15448
20230624	11681
20230625	4849
20230626	25470
20230627	17568
20230628	16970
20230629	16704
20230630	17628
20230701	13795
20230702	5920
20230703	31986
20230704	21389
20230705	21915
20230706	22888
20230707	22788
20230708	16755
20230709	6912
20230710	39471
20230711	26018
20230712	26902
20230713	26960
20230714	27681
20230715	21828
20230716	9185
20230717	53275
20230718	35899
20230719	36486
20230720	37925
20230721	39319
20230722	29751
20230723	11072
20230724	64148
20230725	44685
20230726	44304
20230727	42488
20230728	42819
20230729	32928
20230730	12767
20230731	70992
20230801	49654
20230802	48061
20230803	47597
20230804	47196
20230805	35524
20230806	14298
20230807	74720
20230808	49592
20230809	47546
20230810	41730
20230811	44699
20230812	32068
20230813	11450
20230814	58647
20230815	15407
20230816	57938
20230817	39704
20230818	37645
20230819	27818
20230820	10900
20230821	56712
20230822	37006
20230823	34068
20230824	33417
20230825	32305
20230826	23780
20230827	9708
20230828	51316
20230829	32132
20230830	30435
20230831	14439
20230901	15043
20230902	11091
20230903	5241
20230904	26445
20230905	16968
20230906	15453
20230907	15509
20230908	14819
20230909	10828
20230910	4870
20230911	24641
20230912	15266
20230913	12896
20230914	12513
20230915	12042
20230916	8910
20230917	4050
20230918	20547
20230919	13467
20230920	11354
20230921	11250
20230922	10888
20230923	8003
20230924	3560
20230925	18553
20230926	11657
20230927	12124
20230928	4815
20230929	3589
20230930	4697
20231001	4513
20231002	11186
20231003	5090
20231004	15222
20231005	9080
20231006	8374
20231007	6045
20231008	3038
20231009	5132
20231010	14147
20231011	9173
20231012	8624
20231013	8560
20231014	6335
20231015	2986
20231016	14053
20231017	9250
20231018	8651
20231019	9067
20231020	9141
20231021	6634
20231022	2962
20231023	16253
20231024	11645
20231025	11596
20231026	11415
20231027	10954
20231028	7843
20231029	3238
20231030	17490
20231031	11497
20231101	11489
20231102	10893
20231103	10266
20231104	7088
20231105	2848
20231106	13402
20231107	7795
20231108	7468
20231109	7091
20231110	6876
20231111	5351
20231112	2360
20231113	10990
20231114	8017
20231115	7804
20231116	7697
20231117	7767
20231118	5817
20231119	2816
20231120	12993
20231121	9258
20231122	8736
20231123	9103
20231124	8362
20231125	6097
20231126	2769
20231127	13319
20231128	8992
20231129	8710
20231130	7878
20231201	8258
20231202	6259
20231203	2782
20231204	13398
20231205	9230
20231206	8995
20231207	8581
20231208	9136
20231209	6527
20231210	2811
20231211	12424
20231212	7926
20231213	7439
20231214	7136
20231215	6749
20231216	4941
20231217	1939
20231218	8877
20231219	6368
20231220	5992
20231221	5519
20231222	5547
20231223	4683
20231224	2252
20231225	2923
20231226	10214
20231227	7019
20231228	6723
20231229	6554
20231230	5303
20231231	2483